CLASS LABEL,SEQUENCE,ACC_ID
K,QKSLVPSVITTCCGYDPGTMCPPCRCTNSC,P0C828
K,SRCFPPGIYCTPYLPCCWGICCGTCRNVCHLRI,Q7YZS9
K,CRAEGTYCENDSQCCLNECCWGGCGHPCRHP,Q9U3Z3
K,SRCFPPGIYCTPYLPCCWGICCDTCRNVCHLRF,P69501
K,CFPPGIYCTPYLPCCWGICCGTCRNVCHLRI,P0C252
K,SRCFPPGIYCTPYLPCCWGICCGTCRNVCHLRF,C7DQB7
K,GPGSAICNMACRLEHGHLYPFCNCD,Q0N4U5
K,GPGSAICNMACRLEHGHLYPFCHCR,Q0N4U6
K,APWLVPSTITTCCGYDPGSMCPPCMCNNTCKPKPKKS,P0CE76
K,APELVVTATTNCCGYNPMTICPPCMCTYSCPPKRKP,P0C1X1
K,QKELVPSKTTTCCGYSPGTMCPSCMCTNTCPPQK,P0C830
K,GGLGRCIYNCMNSGGGLSFIQCKTMCY,P84704
Na,DGCSSGGTFCGIHPGLCCSEFCFLWCITFID,Q9XZK5
Na,WCKQSGEMCNLLDQNCCDGYCIVLVCT,P18511
Na,WCKQSGEMCNLLDQNCCDGYCIVLVCT,Q9U655
Na,GPSFCKANGKPCSYHADCCNCCLSGICKPSTNVILPGCSTSSFFRI,Q7Z092
Na,RHGCCKGPKGCSSRECRPQHCC,P0C350
Na,GPSFCKADEKPCEYHADCCNCCLSGICAPSTNWILPGCSTSSFFKI,Q7Z094
Na,GCKKDRKPCSYHADCCNCCLSGICAPSTNWILPGCSTSTFT,Q7Z091
Na,APWLVPSQITTCCGYNPGTMCPSCMCTNTC,P58928
Na,GHVPCGKDGRKCGYHADCCNCCLSGICKPSTSWTGCSTSTFD,Q7Z0A6
Na,GHVPCGKDGRKCGYHADCCNCCLSGICKPSTSWTGCSTSTFD,P0C614
Na,GAVPCGKDGRQCRNHADCCNCCPIGTCAPSTNWILPGCSTGQFMT,Q7Z098
Na,GPSFCKANGKPCSYHADCCNCCLSGICAPSTNWILPGCSTSSFFKI,Q7Z093
Na,GAVPCGKDGRQCRNHADCCNCCPIGTCAPSTNWILPGCSTGPFMT,Q7Z099
Na,GCKKDRKPCSYHADCCNCCLSGICAPSTNWILPGCSTSSFFKI,P0C610
Na,GHVPCGKDRRKCGYHADCCNCCLSGICKPSTSWTGCSTSTFLLT,Q7Z0A4
Na,GHVPCGKDGRKCGYHADCCNCCLSGICKPSTSWTGCSTSTFN,Q7Z0A2
Na,GHVPCGKDGRKCGYHADCCNCCLSGICKPSTSWTGCSTSTFLLT,Q7Z0A3
Na,GHVSCGKDGRACDYHADCCNCCLGGICKPSTSWIGCSTNVFLT,Q7Z0A0
Na,GPSSCKADEEPCEYHADCCNCCLSGICAPSTNWILPGCSTSSFFKI,P0C611
Na,GHVPCGKDGRKCGYHTHCCNCCLSGICKPSTSLIGCSTSSFT,Q7Z0A1
Na,GAVPCGKDGRQCRNHADCCNCCPFGTCAPSTNRILPGCSTGMFLT,Q7Z097
Na,QGCCNVPNGCSGRWCRDHAQCC,P0C1U2
Na,RCCTGKKGSCSGRACKNLKCCA,P0C8V2
Na,RDCCTPPKKCKDRRCKPLKCCA,P05482
Na,QNCCNGGCSSKWCKGHARCC,P0CE77
Na,CCKYGWTCLLGCSPCGC,P58926
Na,CSNAGGFCGIHPGLCCSEICLVWCT,B2KJ30
Na,YECYSTGTFCGVNGGLCCSNLCLFFVCLFS,P0C8V7
Na,SKCFSPGTFCGIKPGLCCSVRCFSLFCISFE,P56710
Na,EACYPPGTFCGIKPGLCCSELCLPAVCVG,P69752
Na,DECFSPGTFCGTKPGLCCSARCFSFFCISLEF,P0CC13
Na,DECFSPGTFCGIKPGLCCSARCLSFFCISLEF,P0CC14
Na,EACYNAGSFCGIHPGLCCSEFCILWCITFVDS,P69754
Na,DGCSSGGTFCGIRPGLCCSEFCFLWCITFID,P69757
Na,EACYNAGTFCGIKPGLCCSAICLSFVCISFDF,P69756
Na,YGCSNAGAFCGIHPGLCCSELCLVWCT,P69751
Na,QGCCNGPKGCSSKWCRDHARCC,I1SB07
Ca,CKGKGAPCRKTMYDCCSGSCGRRGKC,P37300
Ca,ATDCIEAGNYCGPTVMKICCGFCSPYSKICMNYPKN,Q9XZK3
Ca,CRSSGSPCGVTSICCGRCYRGKCT,P28880
Ca,DDDCEPPGNFCGMIKIGPPCCSGWCFFACA,P56713
Ca,DPEAKGRIKHLD,Q02485
Ca,AADCIEAGNYCGPTVMKLCCGFCSPYSKICMNYPKN,Q5K0D8
Ca,CLDAGEICDFFFPTCCGYCILLFCA,Q9U650
Ca,CYDGGTSCDSGIQCCSGWCIFVCF,Q9XZL0
Ca,CVPYEGPCNWLTQNCCDATCVVFWCL,Q9XZL2
Ca,CLDAGEVCDIFFPTCCGYCILLFCA,Q3YEF3
Ca,CRPSGSPCGVTSICCGRCSRGKCT,Q9XZL5
Ca,CRPSGSPCGVTSICCGRCYRGKCT,Q9XZL4
Ca,CYDGGTSCNTGNQCCSGWCIFLCL,P0CB11
Ca,ATDCIEAGNYCGPTVMKICCGFCSPFSKICMNYPQN,P0C8V9
Ca,SYCGSTTRICCGYCAYFGKKCIDYPSN,Q5K0D3
Ca,CLDAGEVCDIFFPTCCGYCILLFCA,Q9XZK8
Ca,CLSPGSSCSPTSYNCCRSCNPYSRKC,P58915
Ca,DCVAGGHFCGFPKIGGPCCSGWCFFVCA,Q9BPA5
Ca,DCQEKWDFCPAPFFGSRYCCFGLFCTLFFCA,Q9U644
Ca,DDCEPPGNFCGMIKIGPPCCSGWCFFACA,Q9U645
Ca,GCPWDPWC,P0C250