P0C828_K	30
Q7YZS9_K	33
Q9U3Z3_K	31
P69501_K	33
P0C252_K	31
C7DQB7_K	33
Q0N4U5_K	25
Q0N4U6_K	25
P0CE76_K	37
P0C1X1_K	36
P0C830_K	34
P84704_K	27
Q9XZK5_Na	31
P18511_Na	27
Q9U655_Na	27
Q7Z092_Na	46
P0C350_Na	22
Q7Z094_Na	46
Q7Z091_Na	41
P58928_Na	30
Q7Z0A6_Na	42
P0C614_Na	42
Q7Z098_Na	45
Q7Z093_Na	46
Q7Z099_Na	45
P0C610_Na	43
Q7Z0A4_Na	44
Q7Z0A2_Na	42
Q7Z0A3_Na	44
Q7Z0A0_Na	43
P0C611_Na	46
Q7Z0A1_Na	42
Q7Z097_Na	45
P0C1U2_Na	22
P0C8V2_Na	22
P05482_Na	22
P0CE77_Na	20
P58926_Na	17
B2KJ30_Na	25
P0C8V7_Na	30
P56710_Na	31
P69752_Na	29
P0CC13_Na	32
P0CC14_Na	32
P69754_Na	32
P69757_Na	31
P69756_Na	32
P69751_Na	27
I1SB07_Na	22
P37300_Ca	26
Q9XZK3_Ca	36
P28880_Ca	24
P56713_Ca	30
Q02485_Ca	12
Q5K0D8_Ca	36
Q9U650_Ca	25
Q9XZL0_Ca	24
Q9XZL2_Ca	26
Q3YEF3_Ca	25
Q9XZL5_Ca	24
Q9XZL4_Ca	24
P0CB11_Ca	24
P0C8V9_Ca	36
Q5K0D3_Ca	27
Q9XZK8_Ca	25
P58915_Ca	26
Q9BPA5_Ca	28
Q9U644_Ca	31
Q9U645_Ca	29
Q1L777_Ca	16
Q9U648_Ca	24
Q5K0D6_Ca	36
Q5K0D5_Ca	24
Q9XYZ1_Ca	28
Q5K0B9_Ca	29
Q5K0C0_Ca	30
Q9XZK2_Ca	25
Q9U651_Ca	25
Q9XZL1_Ca	29
Q9U654_Ca	26
Q9XZK4_Ca	35
P0CB10_Ca	26
P0C8V8_Ca	25
P0C831_Ca	26
Q3YED6_Ca	30
P0CI41_Ca	13
P58917_Ca	25
P01522_Ca	27
Q9XYZ0_Ca	30
P28881_Ca	26
P58920_Ca	27
Q9XZL3_Ca	32
P05484_Ca	25
Q5K0C4_Ca	29
P0C832_Ca	33
P56712_Ca	31
P58914_Ca	27
P58918_Ca	25
P58919_Ca	26
P0CY69_Ca	35
P0CY60_Ca	25
P05483_Ca	29
P58916_Ca	28
Q26350_Ca	25
P56714_Ca	26
P83301_Ca	33
P0CY84_Ca	8
Q2I2P3_Ca	8
P62903_Ca	11
Q9BH84_Ca	28
Q9BP99_Ca	33
P0C248_Ca	8
P0C249_Ca	8
P81755_Ca	13
P0DKQ3_Ca	25
Q5K0D2_Ca	31
O00555_Ca	12
P27884_Ca	12
P54282_Ca	12
Q05152_Ca	12
O35505_Ca	169
O55017_Ca	12
Q07652_Ca	12
Q9JIS7_Ca	12
O42398_Ca	281
P22316_Ca	12
P07293_Ca	12
P0C8D9_Ca	24
P0C8E1_Ca	19
P0C8E3_Ca	24
P0DKZ0_Ca	18
P0C8E0_Ca	19
P17684_Ca	21
Q9XZK9_Ca	24
P05485_Ca	25
P0CY66_Ca	25
P0DL31_Ca	40
P81790_Ca	76
P68424_Ca	28
P0CY82_K	36
A3DT44_K	29
P0CAQ2_K	36
P0CAQ3_K	37
P0CE75_K	37
P0C829_K	42
P0C2C6_K	24
P69500_K	33
P0C258_K	31
P0C615_K	32
C7DQY0_K	44
Q0N4U4_K	25
Q0N4U7_K	25
Q0N4U3_K	25
Q0N4U8_K	25
P0C6S2_K	27
P0C6S3_K	28
P0CG45_K	25
P69769_K	24
P84713_K	13
P56633_K	27
P0CY85_K	64
P0C1X2_K	60
P83047_K	9
B3SVF1_K	30
B3SVF0_K	30
P58923_Na	30
P15472_Na	34
P0C256_Na	43
P0C257_Na	45
P0C259_Na	42
Q7Z090_Na	40
P0C612_Na	38
Q7Z095_Na	46
Q7Z096_Na	43
Q7Z0A5_Na	44
P0C349_Na	22
C1J5M5_Na	23
P0C1T9_Na	22
P0C1U1_Na	22
P01523_Na	22
P0C195_Na	16
P58925_Na	22
P60207_Na	22
Q86DU6_Na	20
C1J5M6_Na	24
P0C1U0_Na	25
P01524_Na	22
P0CH16_Na	22
P0C8V3_Na	23
C1J5M7_Na	26
Q9BP55_Na	17
P0C8V5_Na	32
P0CB09_Na	27
P0C8V6_Na	32
P58913_Na	29
Q26443_Na	31
P60179_Na	26
P69748_Na	27
P69749_Na	27
P69750_Na	31
P60513_Na	32
Q9TWM7_Na	29
P69753_Na	32
P69755_Na	32
P0CC15_Na	32
A6YR20_Na	45
Q1A3R1_Na	12
Q9U657_Na	31
P58927_Na	17
P0DKQ9_Na	21
P24159_Na	27
P0CH13_Na	28
Q9U656_Na	27
P17727_Na	78
sp|A0A384E129|O16A_CONMB	54
sp|P01522|O16A_CONGE	51
sp|P01523|CM3A_CONGE	55
sp|P05484|O17A_CONMA	49
sp|P07231|CKG_CONGE	79
sp|P0C1W5|CDKA_CONVX	69
sp|P0C1W6|CDKB_CONVX	72
sp|P0C248|COW_CONAA	40
sp|P0C250|COW1_CONBL	40
sp|P0C828|CA4A_CONST	48
sp|P0CH24|CA1_CONAH	45
sp|P0DKZ0|CKR1B_CONRO	75
sp|P0DM21|CA1A_CONTE	34
sp|P28880|O16A_CONST	50
sp|P50982|CA1A_CONER	46
sp|P56633|O17A_CONPU	50
sp|P56636|CA12_CONMA	47
sp|P56638|CA1A_CONEP	40
sp|P58786|COW_CONRA	40
sp|P58811|CA1A_CONTU	40
sp|P58913|O16A_CONPU	59
sp|P58920|O16D_CONCT	51
sp|P60274|CA1D_CONGE	43
sp|P62903|COW_CONMR	40
sp|P69657|CA1A_CONBU	44
sp|P69747|CA1A_CONVC	44
sp|P81755|CT5AS_CONTE	45
sp|P84845|CT5A_CONSP	37
sp|P85013|CA12A_CONRE	44
sp|P85886|CA1AB_CONSP	48
sp|Q86DU6|CM3A_CONST	53
sp|Q9BPG6|CT5AP_CONTE	45
sp|Q9U655|O16K0_CONTE	56
sp|X5I9Y2|CA1_CONGE	43
sp|X5IWS1|O17J_CONGE	60
sp|A0A0A0VBX4|CDKA_CONGR	74
sp|A0A1P8NVR5|COW1_CONAO	40
sp|A0A1P8NVT3|COW_CONFG	40
sp|A0A1P8NVU0|COW2_CONBL	41
sp|A0A2I4QAG8|O1VA_CONGR	52
sp|A0A2I6EDN5|CM3A_CONRE	53
sp|A0A3G3C7U9|CM34_CONAA	50
sp|B2KPN7|COMA_CONMR	50
sp|C0HKF6|CA2B_CONER	49
sp|C1J5M6|CM3B_CONBU	58
sp|C3VVN5|CDK3_CONMS	71
sp|C3VVN6|CDK3_CONCE	71
sp|C4PWC4|CXAT1_CONMI	69
sp|F5C0A0|CA1A_CONVR	44
sp|F5C3U4|CA18_CONMR	48
sp|J7GY56|CO1EA_CONGR	52
sp|P0C1N1|M3D_CONMR	48
sp|P0C1N5|M3G_CONMR	44
sp|P0C1N6|CM3H_CONTE	47
sp|P0C1N7|M3F_CONTE	43
sp|P0C1N8|M3B_CONTE	44
sp|P0C1W3|CSA8A_CONRA	73
sp|P0C1X1|CA4A_CONMA	58
sp|P0C2B0|CT5A_CONVR	39
sp|P0C425|CM3F_CONMR	47
sp|P0C837|COW_CONST	40
sp|P0C8S5|CCAA_CONPI	62
sp|P0C8W0|CJA_CONDI	79
sp|P0CE29|CXAT4_CONMS	72
sp|P0CE30|CXAT5_CONMS	72
sp|P0CE73|CA11_CONBN	42
sp|P0CG46|CKBR_CONSL	82
sp|P0DKP9|CM3D_CONCN	51
sp|P0DKQ2|CM3G_CONCN	54
sp|P0DKQ3|M7E_CONCN	49
sp|P0DPL9|CA1Z_CONTE	41
sp|P0DQT5|CSST1_CONRO	59
sp|P0DQX2|CDKA_CONPG	72
sp|P15471|CAS1_CONST	43
sp|P18511|O16A_CONTE	56
sp|P24160|O27A_CONTE	57
sp|P28879|CAS2_CONST	51
sp|P28881|O16B_CONST	50
sp|P50985|CA1B_CONPE	40
sp|P55963|CA4A_CONPU	52
sp|P56529|CM3E_CONPU	56
sp|P56639|CA1A_CONAL	40
sp|P56640|CA1B_CONAL	42
sp|P56708|O16A_CONMR	60
sp|P56711|O27A_CONPE	61
sp|P56712|O16A_CONPE	56
sp|P56713|O16B_CONPE	60
sp|P56714|O17_CONTE	55
sp|P56973|CA1A_CONCN	43
sp|P58787|COW_CONSE	40
sp|P58809|CTAX_CONMR	42
sp|P58846|M3C_CONTE	46
sp|P58917|O16A_CONCT	49
sp|P58924|CS8A_CONGE	60
sp|P58925|CM3A_CONPU	54
sp|Q0N4U8|CJEA_CONPO	52
sp|Q1A3R1|CT54_CONLT	40
sp|Q26443|O16B_CONMR	60
sp|Q2I2Q5|CM31_CONLT	49
sp|Q2I2R5|CLE1_CONLT	44
sp|Q2I2R8|CA11_CONLT	45
sp|Q5EHP3|CM3E_CONMR	47
sp|Q5K0C7|O161_CONVR	57
sp|Q7YT83|TX31_CONTE	279
sp|Q7YZS9|CI2_CONVR	41
sp|Q7Z096|I1BC_CONRA	61
sp|Q9BH73|CM3A_CONTE	46
sp|Q9BPA9|O26_CONTE	51
sp|Q9BPI0|CM32_CONTE	47
sp|Q9BPJ7|M3_CONTE	49
sp|Q9GU58|CP9A_CONTE	61
sp|Q9TWM7|O16A_CONGL	55
sp|Q9U3Z3|I2B_CONBE	44
sp|Q9U6Z6|CT5A_CONPU	41
sp|Q9XYR5|CONG_CONGE	54
sp|Q9XZK2|O16O3_CONST	49
sp|Q9XZK5|O16E_CONST	60
sp|W4VSA0|COW2_CONVC	40
sp|W4VSF6|O2VC1_CONVC	80
sp|X5IWT5|CSA8A_CONGE	68
sp|A0A0E3SVE7|CG2RA_CONMI	49
sp|A0A1P8NVS3|COW_CONMI	40
sp|A0A2D1P890|CM31_CONFG	49
sp|A0A2I6EDL2|CM3K_CONRE	44
sp|A0A2I6EDM8|CM3F_CONRE	49
sp|A0A346CED7|CU68_CONAA	44
sp|A0A3G3C7R5|CT51_CONAA	41
sp|A0A3G3C7S0|CA15_CONAA	38
sp|A0A3G3C7S2|CT11_CONAA	42
sp|A0A3G3C7S9|CA12_CONAA	34
sp|A0A3G3C7U1|CA16_CONAA	42
sp|A0A3G3C7U4|CA14_CONAA	34
sp|A0A3G3C7V0|CA13_CONAA	34
sp|A0A679PF76|CSST1_CONMA	52
sp|A0SE59|CA13_CONMR	47
sp|A0SE60|CA11_CONPL	46
sp|A1X8B6|CA14_CONLE	47
sp|A1X8B8|CA1_CONQU	47
sp|A1X8C2|CA18_CONLE	43
sp|A1X8C3|CA17_CONLE	43
sp|A6M934|CA12_CONMR	47
sp|B0L0Y5|CS8A_CONCB	66
sp|B3FIA5|CVFA_CONVR	55
sp|B3SVF0|CPY1_CONPO	49
sp|B3SVF1|CPY1_CONFR	49
sp|B4YSU8|CXY17_CONCB	54
sp|C1J5M5|CM3A_CONBU	57
sp|C1J5M7|CM3C_CONBU	60
sp|C4PWC3|CXAT1_CONMS	70
sp|C6ZJQ2|CAE1_CONPL	48
sp|D0PX84|CANA_CONIM	50
sp|D0PX85|CKNB_CONIM	51
sp|D2DGD3|I3BA_CONCB	60
sp|D2DGD4|I3BB_CONCB	56
sp|D4HPD6|CA1A_CONCT	43
sp|D4HRK4|CA12A_CONER	45
sp|D5L5Q7|CMCC1_CONPO	43
sp|D9IWN6|CA127_CONPO	41
sp|D9IWN7|CA168_CONPO	41
sp|E2DIH5|CA12_CONVC	37
sp|F2XFS9|CA16_CONEB	42
sp|F6JWU7|CDS1_CONLT	64
sp|H2BK78|CM3A_CONVA	49
sp|H2BKS9|CM3A_CONTS	47
sp|P0C1W0|CA12_CONCB	47
sp|P0C1Y2|CA13_CONBN	41
sp|P0C2B1|CT5B_CONVR	38
sp|P0C607|I1BA_CONAE	56
sp|P0C7I1|CM3E_CONPI	55
sp|P0C829|CA4B_CONST	59
sp|P0C831|O166_CONST	50
sp|P0C8E3|CKP_CONPU	78
sp|P0C8U4|CA1C_CONCN	43
sp|P0C8V1|CA11_CONSE	45
sp|P0C8V5|O161_CONAH	61
sp|P0C8V6|O162_CONAH	61
sp|P0C8V8|O164_CONAH	49
sp|P0C8V9|O165_CONAH	56
sp|P0CAQ5|CA11B_CONAH	43
sp|P0CAQ6|CA16A_CONLE	34
sp|P0CB07|CA11_CONAJ	44
sp|P0CB08|CA12_CONAJ	47
sp|P0CB12|CA189_CONAJ	44
sp|P0CE24|CXAT1_CONCE	69
sp|P0CE25|CXAT2_CONCE	71
sp|P0CE26|CXAT4_CONCE	72
sp|P0CE27|CXAT5_CONCE	72
sp|P0CE28|CXAT2_CONMS	70
sp|P0CE31|CXAT2_CONMI	69
sp|P0CE32|CXAT3_CONMI	69
sp|P0CE33|CXAT4_CONMI	69
sp|P0CE34|CXAT1_CONRT	69
sp|P0CE35|CXAT2_CONRT	69
sp|P0CE36|CXAT1_CONPO	71
sp|P0CE75|CA4A_CONSE	59
sp|P0CE76|CA4B_CONSE	59
sp|P0CH14|CO1E_CONMR	41
sp|P0CH39|COMA_CONIM	50
sp|P0CJ21|O226B_CONTE	53
sp|P0CY60|O171_CONBU	48
sp|P0CY86|CA11_CONBU	42
sp|P0CY88|CA120_CONBU	43
sp|P0DKP5|CA1D_CONCN	43
sp|P0DKP6|CA1L_CONCN	43
sp|P0DKP7|CA1E_CONCN	44
sp|P0DKQ0|CM3E_CONCN	54
sp|P0DKQ1|CM3F_CONCN	54
sp|P0DKQ5|M7G_CONCN	49
sp|P0DKQ6|M7J_CONCN	55
sp|P0DKQ9|CM31_CONTU	55
sp|P0DKY9|CKR1A_CONRO	82
sp|P0DKZ1|CKR1C_CONRO	75
sp|P0DM23|CA12_CONPE	40
sp|P0DPL8|CA1CB_CONTE	40
sp|P0DPM0|CA12_CONSE	41
sp|P0DPM1|CA13_CONSE	47
sp|P0DPM4|I166_CONTE	60
sp|P0DQX0|CDKA1_CONFE	68
sp|P0DTJ5|CT5B_CONBY	52
sp|P0DTJ6|CP9A_CONBY	63
sp|P0DTJ7|CLEA_CONBY	48
sp|P0DTJ8|CU61_CONBY	55
sp|P0DTJ9|CH0_CONBY	56
sp|P0DUQ7|CX071_CONPO	51
sp|P0DW18|CSST1_CONGE	71
sp|P0DW26|CSST1_CONMH	60
sp|P18512|O16K1_CONTE	55
sp|P18513|O1K2_CONTE	55
sp|P58784|COWW_CONPU	40
sp|P58922|O26G_CONTE	57
sp|P58927|CM4B_CONPE	50
sp|P69745|CKL_CONLY	80
sp|P69749|O16A_CONBU	56
sp|P69758|O16A_CONVC	53
sp|P69759|O16B_CONVC	55
sp|P69762|O16C_CONVC	55
sp|P69764|CT5A_CONMR	37
sp|P69768|CT5B_CONVC	40
sp|P69769|CM3K_CONRA	56
sp|P69770|CX2_CONMR	69
sp|P84704|CLEA_CONVL	101
sp|P84707|CLEC_CONAW	106
sp|Q2I2P8|CMG1_CONLT	59
sp|Q2I2R6|CA13_CONLT	43
sp|Q2I2R7|CA12_CONLT	47
sp|Q3YEE8|CT54A_CONTE	39
sp|Q3YEE9|CT51A_CONTE	40
sp|Q3YEH5|CT32_CONLI	39
sp|Q3YEH7|CT13_CONTE	40
sp|Q5I4E5|I2B_CONTE	44
sp|Q5I4E6|CXX_CONTE	57
sp|Q5K0C4|O161_CONCE	63
sp|Q5K0C5|O163_CONVR	57
sp|Q6PN83|CT53_CONMR	42
sp|Q6PN84|CT52_CONMR	44
sp|Q6PPB3|CA11B_CONQU	46
sp|Q6PTD1|CA11_CONMR	44
sp|Q6PTD4|CA12_CONLE	47
sp|Q6PTD5|CA11_CONLE	45
sp|Q6PTD6|CA12_CONQU	41
sp|Q86RA3|O16A_CONVX	52
sp|Q8I6R2|C2_CONVX	46
sp|Q8IS41|O16B_CONVX	66
sp|Q9BP56|CAL12_CONPE	40
sp|Q9BPB1|O226A_CONTE	53
sp|Q9BPB2|O236D_CONTE	54
sp|Q9BPB4|O236E_CONTE	54
sp|Q9BPH1|CTDA_CONTE	36
sp|Q9GU57|CP91_CONGL	61
sp|Q9N633|O16E_CONCT	49
sp|Q9NDA6|COW3_CONTE	40
sp|Q9NDA7|COW1_CONTE	40
sp|Q9U619|CA12A_CONIM	41
sp|Q9XZK6|CA11_CONTE	47
sp|Q9XZK8|O1X1_CONTE	54
sp|Q9XZK9|O16O2_CONTE	54
sp|Q9XZL1|O164_CONTE	59
sp|Q9XZL3|O16O6_CONTE	60
sp|Q9XZL4|O161_CONST	50
sp|Q9XZL5|O16A2_CONST	50
sp|S4UJV1|CA14_CONLI	44
sp|S4UJW3|CA1A_CONQU	62
sp|V5V893|CQG3_CONFL	57
sp|W4VS16|H72_CONVC	52
sp|X5I9Z2|CAI15_CONGE	46
sp|X5IGW1|CAIB_CONGE	45
sp|X5IY26|I3B1_CONGE	57
sp|A0A0E3SVB8|CG2RB_CONMI	49
sp|A0A0K8TU78|COW_CONLV	40
sp|A0A0K8TUE2|CSST1_CONLV	59
sp|A0A125S9D8|CDS1_CONIM	64
sp|A0A125S9D9|CEM1_CONIM	65
sp|A0A125S9E0|I1B8_CONIM	57
sp|A0A125S9E1|I2B9_CONIM	40
sp|A0A125S9E2|I2BB_CONIM	45
sp|A0A125S9E4|CKNA_CONIM	50
sp|A0A125S9E5|CKN4_CONIM	48
sp|A0A125S9E6|CM31_CONIM	47
sp|A0A125S9E9|CM91_CONIM	72
sp|A0A125S9F0|CNG_CONIM	60
sp|A0A125S9F2|O262_CONIM	72
sp|A0A125S9F3|O269_CONIM	57
sp|A0A125S9F6|CP94_CONIM	65
sp|A0A142C197|CSST1_CONBE	47
sp|A0A1P8NVR4|COW2_CONLI	38
sp|A0A1P8NVS2|COW1_CONLI	40
sp|A0A1P8NVS8|COW2_CONLT	40
sp|A0A1P8NVS9|COW_CONEA	40
sp|A0A2I6EDL3|CM35_CONRE	40
sp|A0A2I6EDL6|CM38_CONRE	45
sp|A0A2I6EDL7|CM37_CONRE	45
sp|A0A2I6EDM2|CM310_CONRE	52
sp|A0A2I6EDM5|CM36_CONRE	49
sp|A0A2I6EDN0|CM317_CONRE	41
sp|A0A2I6EDN1|CM314_CONRE	46
sp|A0A2I6EDN2|CM316_CONRE	45
sp|A0A2I6EDN3|CM315_CONRE	39
sp|A0A3G1VU73|CLE2_CONAW	106
sp|A0A3G1VU77|CLE5_CONVL	96
sp|A0A3G1VU78|CLE4_CONVL	96
sp|A0A3G1VU81|CLE3_CONVL	101
sp|A0A3G1VU84|CLE2_CONVL	101
sp|A1X8B9|CA2_CONQU	47
sp|B0KZ78|CO2FA_CONBE	64
sp|B0KZ79|CO2FA_CONEM	65
sp|B1PZN6|CS82_CONCB	68
sp|B2CI27|CS81_CONTE	66
sp|B2CI28|CS81_CONAH	74
sp|B2CJ87|CS83_CONCB	66
sp|B2KJ30|O168_CONST	56
sp|B3FIA6|CVF1_CONPO	56
sp|B6V6L0|M63_CONIM	61
sp|C0KYC3|CT54_CONSP	37
sp|C0KYC4|CT55_CONSP	27
sp|C0KYC5|CT56_CONSP	40
sp|C0KYC6|CT57_CONSP	40
sp|C7DQB7|I2B8_CONEM	41
sp|C7DQB8|I2B5_CONEM	42
sp|C7DQB9|I2B3_CONEB	58
sp|C7DQC0|I2B7_CONEB	42
sp|C7DQC1|I2B1_CONLT	40
sp|C7DQC2|I2B2_CONLT	44
sp|C7DQX6|I2B3_CONLT	45
sp|C7DQX7|I2B6_CONLT	44
sp|C7DQX8|I2B3_CONPO	48
sp|C7DQX9|I2B7_CONPO	48
sp|C7DQY0|I2B3_CONIM	58
sp|C7T183|O16EA_CONEA	52
sp|C7T184|O16M_CONEA	52
sp|C7T186|O16L_CONEA	52
sp|C7T187|O16K_CONEA	52
sp|C7T188|O16J_CONEA	52
sp|C7T1P5|O16EB_CONEA	52
sp|C8CK74|CO2FA_CONMI	64
sp|C8CK75|CO2FB_CONMI	64
sp|C8CK76|CO2FA_CONLI	64
sp|C8CK77|CO2FA_CONCE	62
sp|C8CK78|CO2FB_CONCE	62
sp|C8CK79|CO2FA_CONVX	64
sp|D0PX86|CKN3_CONIM	48
sp|D2DGD5|I3B3_CONCB	60
sp|D2DGD6|I3B1_CONPL	60
sp|D2DGD7|I3B2_CONPL	61
sp|D2DGD8|I361_CONPL	63
sp|D2DGD9|I364_CONLT	61
sp|E2DIH6|CA13_CONVC	43
sp|F5C3T9|COW_CONVR	40
sp|F6JWU8|CDS2_CONLT	64
sp|F6JWU9|CDS3_CONLT	64
sp|F6JWV0|CDS4_CONLT	64
sp|F6JWV1|CDS5_CONLT	64
sp|F6JWV2|CDS6_CONLT	64
sp|F6JWV3|CDS7_CONLT	64
sp|G1AS73|O267_CONVC	62
sp|G1AS74|O268_CONVC	55
sp|G1AS75|O269_CONVC	57
sp|G1AS76|O26A_CONVC	51
sp|G1AS77|O26B_CONVC	55
sp|G1AS78|O26C_CONVC	52
sp|G1AS79|O26D_CONVC	62
sp|G1AS80|O26E_CONVC	58
sp|G1AS81|O26F_CONVC	56
sp|G1AS82|O26G_CONVC	53
sp|G1AS83|O26H_CONVC	54
sp|H8Y1U0|CT54_CONIM	40
sp|M9PQ91|O164_CONBE	62
sp|O77256|CAY1_CONIM	34
sp|P0C1N2|M33_CONMR	49
sp|P0C1N3|M34_CONMR	49
sp|P0C1N4|CM35_CONMR	43
sp|P0C1V9|CA11_CONCB	41
sp|P0C1W4|CA11_CONST	41
sp|P0C251|I1B1_CONBE	54
sp|P0C253|I1B1_CONEP	53
sp|P0C254|I2BC_CONEP	44
sp|P0C258|I2B2_CONSR	44
sp|P0C636|CT51_CONPL	45
sp|P0C637|CT52_CONPL	42
sp|P0C638|CT53_CONPL	40
sp|P0C639|CT54_CONPL	41
sp|P0C640|CT55_CONPL	46
sp|P0C641|CT56_CONPL	38
sp|P0C666|CT51_CONCB	52
sp|P0C667|CT52_CONCB	44
sp|P0C668|CT53_CONCB	42
sp|P0C669|CT51A_CONVR	41
sp|P0C670|CT51B_CONVR	41
sp|P0C833|O16V_CONST	64
sp|P0C834|O26B_CONST	58
sp|P0C8U6|CA1S1_CONPL	41
sp|P0C8U7|CA1S2_CONPL	41
sp|P0C8U8|CA14_CONPL	65
sp|P0C8U9|CA15_CONPL	65
sp|P0C8V0|CA16_CONPL	41
sp|P0C8V7|O163_CONAH	59
sp|P0C902|O161_CONLE	57
sp|P0C903|O16_CONLE	51
sp|P0C904|O163_CONLE	53
sp|P0C905|O164_CONLE	57
sp|P0C906|CT11_CONLE	42
sp|P0C907|CT12_CONLE	36
sp|P0CAQ4|CA11A_CONAH	43
sp|P0CB09|O161_CONAJ	56
sp|P0CB10|O162_CONAJ	55
sp|P0CB11|O163_CONAJ	54
sp|P0CH22|M34_CONPL	43
sp|P0CH23|CM35_CONPL	43
sp|P0CY61|O162_CONBU	59
sp|P0CY62|O163_CONBU	58
sp|P0CY63|O164_CONBU	52
sp|P0CY64|O165_CONBU	67
sp|P0CY65|O166_CONBU	54
sp|P0CY73|CM315_CONBU	52
sp|P0CY75|CA119_CONBU	44
sp|P0CY78|CA423_CONBU	50
sp|P0CY79|CA424_CONBU	50
sp|P0CY80|CA425_CONBU	50
sp|P0CY83|CJE28_CONBU	46
sp|P0CY84|COW_CONBU	42
sp|P0CY87|CA112_CONBU	41
sp|P0DJC4|CT51_CONQU	40
sp|P0DJC5|CT52_CONQU	40
sp|P0DJC6|O161_CONQU	72
sp|P0DJC7|O162_CONQU	52
sp|P0DKM1|I2B1_CONFR	52
sp|P0DM16|EM1_CONMR	72
sp|P0DM17|FX1_CONMR	71
sp|P0DM18|NF1_CONMR	72
sp|P0DM19|NF2_CONMR	68
sp|P0DM20|NF3_CONMR	68
sp|P0DPG6|CB28_CONMR	61
sp|P0DQX1|CDKA2_CONFE	69
sp|P0DTJ4|CM3A_CONBY	46
sp|P0DUQ8|CX064_CONPO	51
sp|P0DW17|CSST2_CONRO	60
sp|P0DW19|CSST1_CONNO	56
sp|P0DW20|CSST1_CONGH	52
sp|P0DW23|CSST1_CONAE	59
sp|P0DW24|CSST1_CONRL	61
sp|P0DW25|CSST1_CONTC	56
sp|P0DW73|O161_CONKN	57
sp|P0DW74|O162_CONVR	58
sp|P0DW75|O164_CONVR	57
sp|P0DW76|O169_CONVR	57
sp|P0DW77|O162_CONTC	57
sp|P0DW78|O163_CONTC	57
sp|P69494|I2_CONCE	41
sp|P69495|I21_CONIM	38
sp|P69496|I22_CONIM	38
sp|P69497|I23_CONIM	38
sp|P69498|I2_CONMI	42
sp|P69499|I2_CONST	42
sp|P69500|I21_CONVX	41
sp|P69501|I22_CONVX	41
sp|P69748|O16A_CONAI	56
sp|P69750|O16A_CONCN	60
sp|P69751|O16DE_CONCT	56
sp|P69753|O16A_CONMA	62
sp|P69754|O16B_CONMA	62
sp|P69755|O16C_CONMA	61
sp|P69757|O16A_CONSE	60
sp|P69760|O163_CONVC	54
sp|P69761|O164_CONVC	59
sp|P69763|O166_CONVC	54
sp|P69766|CT5C_CONVC	40
sp|P69767|CT53_CONVC	38
sp|Q0N4U3|CJE2_CONFR	52
sp|Q0N4U4|CJE1_CONFR	52
sp|Q0N4U5|CJE3_CONPO	46
sp|Q0N4U6|CJE2_CONPO	38
sp|Q0N4U7|CJE1_CONPO	46
sp|Q1A3Q1|CT5A_CONLT	50
sp|Q1A3Q2|CT5B_CONLT	49
sp|Q1A3Q5|CT58_CONLT	43
sp|Q1A3Q6|CT57_CONLT	50
sp|Q1A3Q7|CT59_CONLT	48
sp|Q1A3Q8|CT56_CONLT	47
sp|Q1A3Q9|CT52_CONLT	49
sp|Q1A3R0|CT55_CONLT	40
sp|Q1A3R3|CT51_CONLT	43
sp|Q2I2P1|CON1_CONLT	63
sp|Q2I2P2|CON2_CONLT	63
sp|Q2I2P3|COW1_CONLT	40
sp|Q2I2P4|CP9A_CONLT	52
sp|Q2I2Q1|M35_CONLT	46
sp|Q2I2Q2|CM34_CONLT	46
sp|Q2I2Q3|CM33_CONLT	45
sp|Q2I2Q4|CM32_CONLT	46
sp|Q2I2Q6|CO2FA_CONLT	63
sp|Q2I2Q9|O271_CONLT	58
sp|Q2I2R0|O165_CONLT	67
sp|Q2I2R1|O164_CONLT	67
sp|Q2I2R2|O163_CONLT	48
sp|Q2I2R3|O162_CONLT	56
sp|Q2I2R4|O161_CONLT	54
sp|Q3YED1|O163_CONMR	58
sp|Q3YED3|O373_CONLI	59
sp|Q3YED5|O1632_CONMR	55
sp|Q3YED6|O167_CONMR	60
sp|Q3YED8|O16K_CONVR	59
sp|Q3YEE1|O164_CONMR	63
sp|Q3YEE2|O16H_CONCE	59
sp|Q3YEE3|O162_CONMI	61
sp|Q3YEE4|O169_CONMI	52
sp|Q3YEE5|O165_CONMI	56
sp|Q3YEE6|O165_CONLI	61
sp|Q3YEF0|O379_CONCB	56
sp|Q3YEF1|O1634_CONMR	67
sp|Q3YEF3|O1661_CONTE	54
sp|Q3YEF4|O261_CONMR	54
sp|Q3YEF7|O2651_CONLT	57
sp|Q3YEF8|O265_CONLI	49
sp|Q3YEF9|O264_CONBE	58
sp|Q3YEG0|O253_CONTE	62
sp|Q3YEG3|O1642_CONMI	65
sp|Q3YEG4|O1641_CONMI	52
sp|Q3YEG6|O162_CONLI	55
sp|Q3YEG7|O165_CONBE	58
sp|Q3YEG9|CT121_CONLI	42
sp|Q3YEH0|CT243_CONLT	41
sp|Q3YEH1|CT192_CONLT	45
sp|Q3YEH2|CT593_CONTE	41
sp|Q3YEH3|CT53_CONLT	40
sp|Q3YEH4|CT33_CONLI	45
sp|Q3YEH6|CT34_CONBE	39
sp|Q5EHP1|CM31_CONQU	47
sp|Q5EHP2|CM38_CONMR	46
sp|Q5EHP4|CM32_CONLE	46
sp|Q5I2P0|CM31_CONLE	49
sp|Q5K0B8|O161_CONIM	56
sp|Q5K0B9|O162_CONIM	58
sp|Q5K0C0|O163_CONIM	59
sp|Q5K0C1|O165_CONIM	56
sp|Q5K0C2|O166_CONIM	56
sp|Q5K0C8|O168_CONVX	57
sp|Q5K0C9|O162_CONVX	57
sp|Q5K0D0|O16C_CONVX	57
sp|Q5K0D1|O161_CONVX	57
sp|Q5K0D2|O19_CONST	60
sp|Q5K0D3|O16L6_CONST	55
sp|Q5K0D5|O16F_CONST	50
sp|Q5K0D6|O16C_CONST	56
sp|Q5K0D7|O163_CONST	50
sp|Q5K0D8|O162_CONST	56
sp|Q68IP5|CT54B_CONMR	40
sp|Q6PN80|CT52_CONLE	49
sp|Q6PN81|CT51_CONLE	43
sp|Q6PN82|CT54A_CONMR	43
sp|Q6PN85|CT51B_CONMR	43
sp|Q6PN86|CT51A_CONMR	42
sp|Q6PTD0|CT52_CONMI	43
sp|Q6PTD7|CA11A_CONQU	46
sp|Q7Z027|O16CB_CONVX	60
sp|Q7Z028|O16D_CONVX	59
sp|Q7Z090|I1B3_CONRA	56
sp|Q8I6V7|CP91_CONRE	63
sp|Q9BH21|CT21_CONTE	39
sp|Q9BH51|CM11_CONTS	46
sp|Q9BH75|CT011_CONTS	42
sp|Q9BH79|CT53_CONAE	49
sp|Q9BH81|CT52_CONAE	48
sp|Q9BH84|O162_CONAE	56
sp|Q9BH86|CT14_CONPE	40
sp|Q9BHA0|O26M_CONTE	62
sp|Q9BHA6|CT51_CONAE	58
sp|Q9BHB7|O261_CONTE	60
sp|Q9BP51|CT51B_CONAE	58
sp|Q9BP53|CT0C5_CONVE	46
sp|Q9BP58|O3621_CONVE	55
sp|Q9BP59|O3622_CONVE	60
sp|Q9BP60|O36L_CONVE	56
sp|Q9BP61|O3620_CONVE	59
sp|Q9BP62|O3619_CONVE	60
sp|Q9BP63|O3611_CONPE	59
sp|Q9BP64|O3610_CONPE	56
sp|Q9BP65|O3626_CONAE	55
sp|Q9BP66|O3625_CONAE	56
sp|Q9BP67|O3624_CONAE	59
sp|Q9BP68|O3627_CONAE	57
sp|Q9BP69|O36O_CONAE	59
sp|Q9BP70|O3622_CONAE	59
sp|Q9BP71|O3621_CONAE	59
sp|Q9BP72|O3620_CONAE	59
sp|Q9BP73|O367_CONTS	59
sp|Q9BP74|O366_CONTS	58
sp|Q9BP75|O365_CONTS	58
sp|Q9BP76|O364_CONTS	58
sp|Q9BP77|O1619_CONAE	62
sp|Q9BP78|O1618_CONAE	57
sp|Q9BP79|O1617_CONAE	51
sp|Q9BP80|O1616_CONAE	48
sp|Q9BP81|O1615_CONAE	54
sp|Q9BP82|O1614_CONAE	48
sp|Q9BP83|O1613_CONAE	59
sp|Q9BP84|O1612_CONAE	55
sp|Q9BP85|O1611_CONAE	58
sp|Q9BP86|O1610_CONAE	56
sp|Q9BP87|O169_CONAE	56
sp|Q9BP88|O168_CONAE	54
sp|Q9BP89|O167_CONAE	52
sp|Q9BP90|O166_CONAE	55
sp|Q9BP91|O165_CONAE	55
sp|Q9BP92|O164_CONAE	55
sp|Q9BP93|O1618_CONVE	53
sp|Q9BP94|O1617_CONVE	52
sp|Q9BP95|O1616_CONVE	49
sp|Q9BP96|O1615_CONVE	50
sp|Q9BP97|O164A_CONVE	50
sp|Q9BP98|O164B_CONVE	50
sp|Q9BP99|O163_CONAE	62
sp|Q9BPA0|O1613_CONVE	61
sp|Q9BPA1|O1612_CONVE	69
sp|Q9BPA2|O1611_CONVE	57
sp|Q9BPA3|O1610_CONVE	55
sp|Q9BPA4|O169_CONVE	57
sp|Q9BPA5|O168_CONVE	56
sp|Q9BPA6|O269_CONPE	58
sp|Q9BPA7|O268_CONPE	52
sp|Q9BPB0|O2653_CONTE	59
sp|Q9BPB7|O2611_CONTE	57
sp|Q9BPB9|O263_CONTS	56
sp|Q9BPC1|O262_CONTS	59
sp|Q9BPC2|O266_CONVE	58
sp|Q9BPC3|O267_CONVE	58
sp|Q9BPC4|O266B_CONVE	58
sp|Q9BPC5|O265_CONVE	60
sp|Q9BPC6|O264_CONVE	57
sp|Q9BPC7|O263_CONVE	58
sp|Q9BPC8|O26N_CONVE	58
sp|Q9BPC9|O262_CONVE	55
sp|Q9BPD0|O261_CONVE	55
sp|Q9BPD1|CT0C1_CONVE	45
sp|Q9BPD2|CT0C_CONAE	57
sp|Q9BPD3|CT0C4_CONVE	45
sp|Q9BPD4|CT0C3_CONVE	45
sp|Q9BPD5|CT0C2_CONVE	46
sp|Q9BPD6|CT0C6_CONVE	46
sp|Q9BPD7|CT0C_CONTS	43
sp|Q9BPD9|CT54_CONTS	55
sp|Q9BPE0|CT56_CONVE	56
sp|Q9BPE1|CT55_CONVE	56
sp|Q9BPE2|CT52_CONPE	47
sp|Q9BPE3|CT53_CONTS	57
sp|Q9BPE4|CT5C_CONTS	42
sp|Q9BPE5|CT52_CONTS	43
sp|Q9BPE6|CT5B_CONTS	42
sp|Q9BPE7|CT411_CONPE	41
sp|Q9BPE9|CTA1_CONPE	42
sp|Q9BPF1|CT122_CONPE	42
sp|Q9BPF2|CT05_CONVE	39
sp|Q9BPF3|CT121_CONPE	42
sp|Q9BPF4|CT511_CONPE	41
sp|Q9BPF5|CT51_CONTS	45
sp|Q9BPF6|CT03_CONTS	38
sp|Q9BPF7|CT54_CONVE	42
sp|Q9BPF8|CT5_CONPE	41
sp|Q9BPF9|CT54_CONTE	39
sp|Q9BPG0|CT151_CONPE	40
sp|Q9BPG1|CT53B_CONVE	39
sp|Q9BPG2|CT53A_CONVE	39
sp|Q9BPG3|CT52_CONVE	39
sp|Q9BPG5|CT51_CONVE	38
sp|Q9BPG7|CT111_CONTE	42
sp|Q9BPG8|CT02_CONPE	40
sp|Q9BPH0|CT512_CONTE	42
sp|Q9BPH2|CT5M_CONPE	38
sp|Q9BPH3|CM31_CONAE	46
sp|Q9BPH4|CM302_CONTS	46
sp|Q9BPH5|CM32_CONPE	46
sp|Q9BPH6|CM336_CONVE	47
sp|Q9BPH7|M235_CONVE	45
sp|Q9BPH8|CM334_CONVE	46
sp|Q9BPH9|CM35_CONTS	48
sp|Q9BPI1|CM31_CONPE	51
sp|Q9BPI3|M23B_CONTS	47
sp|Q9BPI4|M23C_CONTS	45
sp|Q9BPI5|M23M_CONTS	45
sp|Q9BPI6|M233_CONTS	47
sp|Q9BPI7|M233_CONVE	47
sp|Q9BPI8|M23N_CONTS	47
sp|Q9BPI9|M232_CONVE	48
sp|Q9BPJ0|M231_CONTS	47
sp|Q9BPJ1|M01_CONTE	47
sp|Q9BPJ2|M231_CONVE	45
sp|Q9BPJ3|M235_CONTE	51
sp|Q9BPJ4|M236_CONTE	68
sp|Q9BPJ5|M234_CONTE	52
sp|Q9BPJ6|M232_CONTE	45
sp|Q9BPJ8|M231_CONAE	48
sp|Q9BPJ9|M237_CONTS	48
sp|Q9BPK0|M23L_CONTS	48
sp|Q9N669|O169_CONEA	52
sp|Q9N6A4|O161_CONEA	52
sp|Q9NDA5|COW2_CONTE	42
sp|Q9TVF6|O16D_CONLI	52
sp|Q9TVF7|O16C_CONLI	52
sp|Q9TVK3|O16F_CONAB	52
sp|Q9TVN1|O16A_CONLI	55
sp|Q9TVQ6|O16N_CONAB	49
sp|Q9TVQ7|O16O_CONAB	49
sp|Q9TVR4|O16I_CONAB	57
sp|Q9TVU1|O16C_CONAB	53
sp|Q9TVX4|O16G_CONAB	54
sp|Q9TVY1|O16A_CONAB	57
sp|Q9TW08|O16B_CONLI	54
sp|Q9U644|O1631_CONTE	60
sp|Q9U645|O16L_CONTE	59
sp|Q9U647|O194_CONTE	54
sp|Q9U648|O16M_CONTE	54
sp|Q9U650|O162_CONTE	53
sp|Q9U651|O161_CONTE	54
sp|Q9U654|O16K_CONTE	54
sp|Q9U656|O1613_CONTE	56
sp|Q9U657|O1614_CONPE	61
sp|Q9U659|O16K_CONPE	55
sp|Q9U660|O1613_CONPE	58
sp|Q9U662|O1612_CONPE	54
sp|Q9U6Z5|CT51_CONIM	43
sp|Q9U6Z8|CT52_CONGL	40
sp|Q9U6Z9|CT51_CONGL	42
sp|Q9U700|CT51_CONTE	40
sp|Q9UA71|O16K_CONAB	57
sp|Q9UA72|O16M_CONAB	49
sp|Q9UA83|O16B_CONAB	53
sp|Q9UA85|O16E_CONAB	52
sp|Q9UA86|O16L_CONAB	57
sp|Q9UA91|O16D_CONAB	52
sp|Q9UA93|O16J_CONAB	57
sp|Q9UA95|O16H_CONAB	57
sp|Q9UAB2|O17B_CONLI	54
sp|Q9XYZ0|O161A_CONPL	58
sp|Q9XYZ1|O162A_CONPL	52
sp|Q9XZK3|O164_CONST	56
sp|Q9XZK4|O165_CONST	55
sp|Q9XZK7|CA2_CONTE	41
sp|Q9XZL0|O163_CONTE	54
sp|Q9XZL2|O165_CONTE	54
sp|S4UKA9|I1B3_CONTE	52
sp|V5V9Y7|CQ62_CONCB	66
sp|W4VS82|CU74_CONVC	44
sp|W4VSB6|H71_CONVC	58
sp|W4VSE7|CU73_CONVC	44
sp|W4VSG7|CH1_CONVC	55
sp|W4VSM1|FX1_CONVC	71
sp|X5IFY8|COW_CONGE	40
sp|X5IFZ1|CAI19_CONGE	47
sp|X5IXY8|CSST2_CONGE	71
Cje5_Novel	113
Cje2_Novel	100
Cje3_Novel	115
Cje4_Novel	78
Cje6_Novel	126
Cje7_Novel	133
Cje8_Novel	88
Cje1_22	111
Cje2_22	91
Cje3_22	99
Cje4_22	148
Cje5_22	101
Cje6_22	92
Cje1_6	95
Cje2_6	98
Cje3_6	97
Cje4_6	101
Cje1_8	135
Cje10_8	142
Cje2_8	114
Cje3_8	117
Cje4_8	113
Cje5_8	114
Cje6_8	124
Cje7_8	127
Cje8_8	120
Cje9_8	127
Cje1_9	87
Cje10_9	85
Cje2_9	101
Cje3_9	84
Cje4_9	88
Cje5_9	125
Cje6_9	146
Cje7_9	88
Cje8_9	83
Cje9_9	100
Hal19_Novel	132
Hal13_Novel	138
Hal11_Novel	145
Hal8_Novel	75
Hal12_Novel	66
Hal10_Novel	78
Hal14_Novel	89
Hal15_Novel	106
Hal16_Novel	80
Hal17_Novel	88
Hal1_1	62
Hal1_11	74
Hal1_12	85
Hal20_Novel	89
Hal2_13	91
Hal1_15	77
Hal2_15	80
Hal3_15	82
Hal1_22	131
Hal2_22	90
Hal3_22	101
Hal4_22	90
Hal5_22	142
Hal6_22	97
Hal7_22	97
Hal8_22	97
Hal9_22	95
Hal1_6	70
Hal10_6	72
Hal11_6	80
Hal12_6	80
Hal13_6	79
Hal14_6	90
Hal2_6	81
Hal3_6	70
Hal4_6	86
Hal5_6	105
Hal6_6	101
Hal7_6	101
Hal8_6	97
Hal9_6	77
Hal1_8	120
Hal10_8	130
Hal11_8	104
Hal12_8	128
Hal2_8	120
Hal3_8	109
Hal4_8	112
Hal5_8	136
Hal6_8	139
Hal7_8	120
Hal8_8	124
Hal9_8	101
Hal1_9	88
Hal10_9	84
Hal11_9	79
Hal12_9	119
Hal13_9	88
Hal14_9	92
Hal15_9	104
Hal16_9	104
Hal17_9	90
Hal18_9	89
Hal19_9	102
Hal2_9	91
Hal20_9	100
Hal3_9	86
Hal4_9	89
Hal5_9	123
Hal6_9	93
Hal7_9	95
Hal8_9	78
Hal9_9	79
Hal9_Novel	90
Hhe22_Novel	132
Hhe23_Novel	138
Hhe21_Novel	71
Hhe24_Novel	83
Hhe1_Novel	118
Hhe1_1	62
Hhe2_1	61
Hhe1_11	72
Hhe1_12	148
Hhe1_15	89
Hhe2_15	77
Hhe1_22	95
Hhe2_22	90
Hhe3_22	97
Hhe4_22	97
Hhe5_22	142
Hhe1_6	90
Hhe2_6	70
Hhe3_6	86
Hhe4_6	77
Hhe5_6	86
Hhe6_6	100
Hhe7_6	81
Hhe1_8	133
Hhe2_8	136
Hhe3_8	136
Hhe4_8	104
Hhe5_8	120
Hhe6_8	124
Hhe7_8	111
Hhe1_9	104
Hhe2_9	93
Hhe3_9	100
Hma30_33	141
Hma28_Novel	91
Hma25_Novel	107
Hma26_Novel	98
Hma27_Novel	94
Hma29_Novel	133
Hma1_14	65
Hma1_16	78
Hma1_22	108
Hma2_22	107
Hma3_22	91
Hma4_22	92
Hma1_6	97
Hma2_6	76
Hma1_8	125
Hma2_8	112
Hma3_8	125
Hma4_8	139
Hma5_8	129
Hma6_8	132
Hma7_8	113
Hma1_9	147
Hma2_9	92
Hma3_9	96
Hma4_9	84
Hma5_9	83
Hma6_9	78
Hso46_33	133
Hso47_Novel	138
Hso49_Novel	132
Hso50_33	144
Hso48_Novel	75
Hso51_Novel	71
Hso52_Novel	64
Hso43_Novel	120
Hso44_Novel	114
Hso45_Novel	98
Hso53_Novel	107
Hso1_1	62
Hso1_11	74
Hso2_11	68
Hso1_12	85
Hso1_13	84
Hso1_14	72
Hso2_14	71
Hso1_15	89
Hso2_15	90
Hso3_15	77
Hso4_15	76
Hso5_15	77
Hso1_22	97
Hso2_22	97
Hso3_22	95
Hso4_22	142
Hso5_22	119
Hso6_22	90
Hso7_22	90
Hso8_22	99
Hso1_6	90
Hso10_6	86
Hso11_6	86
Hso12_6	100
Hso13_6	81
Hso14_6	70
Hso15_6	73
Hso16_6	79
Hso17_6	82
Hso18_6	81
Hso2_6	79
Hso3_6	74
Hso4_6	77
Hso5_6	78
Hso6_6	82
Hso7_6	105
Hso8_6	86
Hso9_6	82
Hso1_8	128
Hso10_8	104
Hso11_8	133
Hso12_8	120
Hso13_8	141
Hso14_8	165
Hso15_8	130
Hso16_8	134
Hso17_8	122
Hso18_8	120
Hso19_8	120
Hso2_8	128
Hso20_8	121
Hso21_8	135
Hso22_8	128
Hso23_8	111
Hso24_8	123
Hso25_8	130
Hso26_8	139
Hso3_8	136
Hso4_8	135
Hso5_8	135
Hso6_8	137
Hso7_8	136
Hso8_8	140
Hso9_8	104
Hso1_9	100
Hso10_9	104
Hso11_9	88
Hso12_9	90
Hso13_9	92
Hso14_9	104
Hso15_9	123
Hso16_9	79
Hso17_9	93
Hso2_9	88
Hso3_9	95
Hso4_9	124
Hso5_9	85
Hso6_9	78
Hso7_9	86
Hso8_9	91
Hso9_9	91
Hst32_Novel	110
Hst36_33	136
Hst39_Novel	138
Hst40_Novel	133
Hst41_33	132
Hst42_33	133
Hst37_Novel	140
Hst33_Novel	81
Hst31_Novel	101
Hst34_Novel	107
Hst35_Novel	141
Hst38_Novel	83
Hst1_1	60
Hst2_1	62
Hst1_11	72
Hst2_11	89
Hst1_12	117
Hst1_13	95
Hst2_13	86
Hst3_13	81
Hst1_14	73
Hst2_14	115
Hst1_15	88
Hst1_22	136
Hst10_22	99
Hst11_22	90
Hst12_Novel	148
Hst13_22	124
Hst14_22	91
Hst15_22	122
Hst16_22	123
Hst17_22	94
Hst2_22	105
Hst3_22	88
Hst5_22	120
Hst6_22	115
Hst7_22	129
Hst8_22	88
Hst9_22	99
Hst1_6	93
Hst10_6	94
Hst11_6	82
Hst12_6	82
Hst13_6	82
Hst14_6	98
Hst15_6	98
Hst16_6	90
Hst17_6	83
Hst2_6	96
Hst3_6	96
Hst4_6	80
Hst5_6	100
Hst6_6	74
Hst7_6	74
Hst8_6	99
Hst9_6	90
Hst1_8	125
Hst10_8	129
Hst11_8	129
Hst2_8	128
Hst3_8	115
Hst4_8	120
Hst5_8	128
Hst6_8	129
Hst7_8	111
Hst8_8	110
Hst9_8	110
Hst1_9	91
Hst2_9	91
Hst3_9	80
Hst4_9	84
Hst5_9	88
Mki55_33	133
Mki54_Novel	107
Mki1_1	61
Mki2_1	61
Mki3_1	61
Mki4_1	62
Mki5_1	63
Mki1_11	72
Mki1_12	117
Mki1_14	79
Mki2_14	79
Mki1_15	77
Mki1_22	89
Mki2_22	99
Mki3_22	108
Mki1_6	99
Mki10_6	89
Mki11_6	77
Mki12_6	71
Mki13_6	81
Mki2_6	83
Mki3_6	100
Mki4_6	100
Mki5_6	100
Mki6_6	100
Mki7_6	65
Mki8_6	65
Mki9_6	96
Mki1_8	131
Mki2_8	146
Mki3_8	121
Mki1_9	128
Mki2_9	128
Mki3_9	87
Mki4_9	86
Tam206_Novel	136
Tam207_Novel	110
Tam202_33	133
Tam203_33	132
Tam204_Novel	133
Tam205_Novel	138
Tam208_Novel	107
Tam1_12	117
Tam1_22	99
Tam2_22	93
Tam3_22	91
Tam4_22	88
Tam5_22	94
Tam6_22	102
Tam1_6	93
Tam1_8	123
Tam2_8	111
Tam3_8	130
Tam4_8	111
Tam5_8	148
Tam6_8	125
Tam7_8	132
Tam8_8	116
Tam9_8	137
Tan200_Novel	94
Tan201_Novel	105
Tan118_1	63
Tan169_11	74
Tan170_11	69
Tan171_13	96
Tan172_13	90
Tan173_13	93
Tan174_13	91
Tan175_13	90
Tan176_14	116
Tan177_14	66
Tan178_14	72
Tan179_14	72
Tan180_15	91
Tan181_15	79
Tan182_15	93
Tan183_15	90
Tan184_22	138
Tan193_22	105
Tan194_22	106
Tan195_22	93
Tan196_22	95
Tan197_22	113
Tan198_22	94
Tan199_22	102
Tan185_22	139
Tan186_22	121
Tan187_22	107
Tan188_22	101
Tan189_22	124
Tan190_22	118
Tan191_Novel	117
Tan192_Novel	126
Tan119_6	80
Tan128_6	98
Tan129_6	105
Tan130_6	95
Tan131_6	87
Tan132_6	94
Tan133_6	93
Tan134_6	93
Tan135_6	77
Tan136_6	74
Tan137_6	75
Tan120_6	91
Tan121_6	104
Tan122_6	98
Tan123_6	83
Tan124_6	78
Tan125_6	81
Tan126_6	89
Tan127_6	98
Tan138_8	114
Tan147_8	112
Tan148_8	107
Tan149_8	100
Tan150_8	115
Tan151_8	115
Tan152_8	114
Tan153_8	109
Tan139_8	150
Tan140_8	140
Tan141_8	126
Tan142_8	113
Tan143_8	118
Tan144_8	133
Tan145_8	146
Tan146_8	113
Tan154_9	79
Tan163_9	84
Tan164_9	90
Tan165_9	88
Tan166_9	85
Tan167_9	85
Tan168_9	94
Tan155_9	87
Tan156_9	95
Tan157_9	94
Tan158_9	94
Tan159_9	87
Tan160_9	92
Tan161_9	91
Tan162_9	82
Tar209_Novel	129
Tar1_22	91
Tar2_22	89
Tar210_Novel	86
Tar1_6	96
Tar1_8	130
Tar2_8	132
Tar3_8	113
Tar4_8	114
Tar5_8	126
Tar6_8	115
Tar7_8	112
Tar8_8	132
Tar9_8	129
Tar1_9	126
Tar2_9	83
Tar3_9	94
Tar4_9	87
Tar5_9	146
Tar6_9	88
Tar211_Novel	133
Tare1_8	115
Tare2_8	165
Tare3_8	143
Tare4_8	143
Tba213_Novel	129
Tba214_Novel	78
Tba212_Novel	71
Tba215_Novel	133
Tba1_14	68
Tba2_14	71
Tba1_22	91
Tba2_22	135
Tba3_22	89
Tba4_22	99
Tba1_6	96
Tba2_6	81
Tba3_6	75
Tba4_6	74
Tba1_8	118
Tba10_8	126
Tba11_8	126
Tba12_8	135
Tba13_8	130
Tba2_8	132
Tba3_8	129
Tba4_8	115
Tba5_8	154
Tba6_8	137
Tba7_8	125
Tba8_8	113
Tba9_8	138
Tba1_9	146
Tba2_9	83
Tba3_9	85
Tba4_9	87
Tex58_Novel	132
Tex60_Novel	138
Tex59_Novel	71
Tex56_Novel	97
Tex57_Novel	120
Tex61_Novel	132
Tex62_Novel	88
Tex1_1	62
Tex1_11	72
Tex1_15	89
Tex1_22	90
Tex2_22	95
Tex3_22	142
Tex1_6	86
Tex2_6	70
Tex3_6	85
Tex4_6	80
Tex5_6	90
Tex6_6	101
Tex1_8	136
Tex2_8	128
Tex3_8	136
Tex4_8	138
Tex5_8	120
Tex6_8	134
Tex7_8	124
Tex1_9	88
Tex10_9	93
Tex2_9	79
Tex3_9	78
Tex4_9	89
Tex5_9	92
Tex6_9	119
Tex7_9	86
Tex8_9	91
Tex9_9	95
Tfr254_33	132
Tfr248_Novel	88
Tfr249_Novel	100
Tfr250_Novel	107
Tfr251_Novel	124
Tfr252_Novel	126
Tfr253_Novel	133
Tfr1_22	99
Tfr2_22	101
Tfr3_22	70
Tfr4_22	83
Tfr5_22	111
Tfr6_22	83
Tfr7_22	89
Tfr8_22	102
Tfr1_6	77
Tfr2_6	97
Tfr3_6	101
Tfr4_6	81
Tfr5_6	71
Tfr6_6	83
Tfr1_8	128
Tfr2_8	135
Tfr3_8	114
Tfr4_8	101
Tfr5_8	113
Tfr6_8	135
Tfr1_9	95
Tfr10_9	88
Tfr11_9	111
Tfr2_9	157
Tfr3_9	146
Tfr4_9	87
Tfr5_9	85
Tfr6_9	83
Tfr7_9	88
Tfr8_9	92
Tfr9_9	86
Tfu229_Novel	108
Tfu225_Novel	107
Tfu226_Novel	91
Tfu227_8	130
Tfu228_Novel	133
Tfu1_14	65
Tfu1_22	126
Tfu2_22	91
Tfu3_22	106
Tfu4_22	111
Tfu5_22	89
Tfu6_22	91
Tfu1_6	71
Tfu2_6	76
Tfu3_6	86
Tfu4_6	86
Tfu5_6	97
Tfu6_6	92
Tfu1_8	138
Tfu10_8	124
Tfu2_8	139
Tfu3_8	125
Tfu4_8	112
Tfu5_8	129
Tfu6_8	132
Tfu7_8	127
Tfu8_8	154
Tfu9_8	154
Tfu1_9	87
Tfu2_9	92
Tfu3_9	88
Tfu4_9	83
Tfu5_9	147
Tgu234_Novel	132
Tgu235_Novel	132
Tgu233_Novel	137
Tgu231_Novel	162
Tgu230_Novel	71
Tgu232_Novel	52
Tgu236_Novel	74
Tgu237_Novel	80
Tgu238_Novel	88
Tgu1_1	62
Tgu1_11	72
Tgu1_12	85
Tgu1_13	82
Tgu1_15	80
Tgu1_22	96
Tgu2_22	90
Tgu3_22	97
Tgu4_22	97
Tgu5_22	142
Tgu6_22	119
Tgu10_6	81
Tgu11_6	70
Tgu12_6	70
Tgu1_6	79
Tgu2_6	80
Tgu3_6	72
Tgu4_6	86
Tgu5_6	105
Tgu6_6	90
Tgu7_6	87
Tgu8_6	101
Tgu9_6	82
Tgu1_8	101
Tgu2_8	136
Tgu3_8	128
Tgu4_8	112
Tgu5_8	120
Tgu6_8	124
Tgu7_8	135
Tgu1_9	119
Tgu10_9	84
Tgu11_9	92
Tgu12_9	89
Tgu13_9	90
Tgu14_9	89
Tgu15_9	89
Tgu16_9	91
Tgu17_9	86
Tgu2_9	104
Tgu3_9	93
Tgu4_9	104
Tgu5_9	88
Tgu6_9	123
Tgu7_9	88
Tgu8_9	92
Tgu9_9	78
Tpu247_Novel	138
Tpu246_Novel	114
Tpu245_Novel	114
Tpu242_Novel	105
Tpu243_Novel	107
Tpu244_Novel	89
Tpu1_14	65
Tpu1_Novel	75
Tpu1_22	107
Tpu2_22	89
Tpu1_6	76
Tpu2_6	86
Tpu3_6	96
Tpu4_6	86
Tpu1_8	130
Tpu10_8	139
Tpu11_8	142
Tpu12_8	124
Tpu2_8	129
Tpu3_8	132
Tpu4_8	127
Tpu5_8	127
Tpu6_8	120
Tpu7_8	112
Tpu8_8	125
Tpu9_8	138
Tpu1_9	147
Tpu2_9	83
Tsp216_Novel	132
Tsp217_33	133
Tsp218_33	133
Tsp219_Novel	138
Tsp220_Novel	97
Tsp221_Novel	85
Tsp222_Novel	97
Tsp223_Novel	88
Tsp224_Novel	122
Tsp1_1	62
Tsp9_11	72
Tsp10_11	73
Tsp11_11	72
Tsp1_12	148
Tsp1_13	84
Tsp1_14	72
Tsp2_14	71
Tsp3_14	71
Tsp1_15	80
Tsp2_15	92
Tsp3_15	90
Tsp4_15	77
Tsp5_15	77
Tsp1_22	116
Tsp2_22	90
Tsp3_22	90
Tsp4_22	95
Tsp5_22	99
Tsp6_22	136
Tsp7_22	97
Tsp1_6	100
Tsp10_6	80
Tsp11_6	86
Tsp12_6	86
Tsp13_6	79
Tsp14_6	81
Tsp15_6	82
Tsp16_6	68
Tsp17_6	68
Tsp18_6	70
Tsp19_6	84
Tsp2_6	100
Tsp20_6	74
Tsp3_6	100
Tsp4_6	96
Tsp5_6	82
Tsp6_6	90
Tsp7_6	101
Tsp8_6	73
Tsp9_6	94
Tsp1_8	153
Tsp10_8	136
Tsp11_8	136
Tsp12_8	129
Tsp13_8	165
Tsp14_8	128
Tsp15_8	135
Tsp16_8	136
Tsp17_8	111
Tsp18_8	121
Tsp19_8	107
Tsp2_8	120
Tsp3_8	124
Tsp4_8	121
Tsp5_8	130
Tsp6_8	122
Tsp7_8	134
Tsp8_8	145
Tsp9_8	104
Tsp1_9	98
Tsp10_9	93
Tsp11_9	88
Tsp12_9	90
Tsp13_9	91
Tsp14_9	85
Tsp15_9	86
Tsp16_9	91
Tsp17_9	91
Tsp18_9	92
Tsp2_9	98
Tsp3_9	85
Tsp4_9	80
Tsp5_9	78
Tsp6_9	95
Tsp7_9	82
Tsp8_9	91
Tsp9_9	88
Tsu63_Novel	132
Tsu72_Novel	132
Tsu69_Novel	153
Tsu73_Novel	162
Tsu65_Novel	68
Tsu66_Novel	71
Tsu67_Novel	75
Tsu68_Novel	70
Tsu71_Novel	93
Tsu75_Novel	78
Tsu76_Novel	97
Tsu77_Novel	90
Tsu74_Novel	98
Tsu78_Novel	85
Tsu1_1	62
Tsu1_11	73
Tsu2_11	68
Tsu70_Novel	138
Tsu64_33	124
Tsu1_14	97
Tsu1_15	75
Tsu1_16	65
Tsu1_22	95
Tsu2_22	85
Tsu3_22	97
Tsu4_22	96
Tsu5_22	90
Tsu6_22	90
Tsu7_22	142
Tsu1_6	86
Tsu10_6	71
Tsu11_6	105
Tsu12_6	70
Tsu13_6	79
Tsu2_6	82
Tsu3_6	80
Tsu4_6	90
Tsu5_6	77
Tsu6_6	81
Tsu7_6	85
Tsu8_6	85
Tsu9_6	86
Tsu1_8	120
Tsu2_8	128
Tsu3_8	120
Tsu4_8	118
Tsu5_8	111
Tsu6_8	139
Tsu7_8	144
Tsu8_8	124
Tsu1_9	91
Tsu10_9	86
Tsu11_9	102
Tsu2_9	95
Tsu3_9	100
Tsu4_9	88
Tsu5_9	104
Tsu6_9	90
Tsu7_9	89
Tsu8_9	98
Tsu9_9	102
Tsu84_Novel	132
Tsu86_Novel	132
Tsu83_Novel	162
Tsu85_Novel	75
Tsu80_Novel	78
Tsu81_Novel	85
Tsu82_Novel	78
Tsu79_Novel	90
Tsu2_1	62
Tsu3_11	73
Tsu1_12	92
Tsu2_15	77
Tsu3_15	89
Tsu8_22	97
Tsu17_22	95
Tsu9_22	97
Tsu10_22	97
Tsu11_22	108
Tsu12_22	84
Tsu13_22	95
Tsu14_22	96
Tsu15_22	142
Tsu16_22	90
Tsu14_6	80
Tsu23_6	86
Tsu24_6	79
Tsu15_6	70
Tsu16_6	100
Tsu17_6	101
Tsu18_6	85
Tsu19_6	81
Tsu20_6	105
Tsu21_6	71
Tsu22_6	80
Tsu9_8	88
Tsu18_8	133
Tsu19_8	137
Tsu20_8	136
Tsu21_8	120
Tsu22_8	125
Tsu23_8	124
Tsu10_8	129
Tsu11_8	122
Tsu12_8	139
Tsu13_8	118
Tsu14_8	128
Tsu15_8	111
Tsu16_8	101
Tsu17_8	118
Tsu12_9	86
Tsu21_9	90
Tsu22_9	102
Tsu23_9	89
Tsu13_9	91
Tsu14_9	102
Tsu15_9	98
Tsu16_9	88
Tsu17_9	79
Tsu18_9	104
Tsu19_9	100
Tsu20_9	86
Tsu98_19	86
Tsu99_Novel	139
Tsu89_Novel	162
Tsu91_Novel	127
Tsu92_Novel	75
Tsu87_Novel	79
Tsu88_Novel	79
Tsu96_Novel	85
Tsu97_Novel	90
Tsu93_Novel	138
Tsu94_Novel	98
Tsu95_Novel	99
Tsu90_Novel	87
Tsu4_11	73
Tsu5_11	72
Tsu2_14	66
Tsu4_15	77
Tsu5_15	88
Tsu6_15	89
Tsu18_22	142
Tsu19_22	97
Tsu20_22	97
Tsu21_22	92
Tsu22_22	92
Tsu23_22	96
Tsu24_22	89
Tsu25_22	95
Tsu26_22	90
Tsu25_6	96
Tsu34_6	81
Tsu35_6	79
Tsu36_6	78
Tsu37_6	85
Tsu38_6	77
Tsu39_6	86
Tsu40_6	105
Tsu41_6	70
Tsu26_6	82
Tsu27_6	100
Tsu28_6	80
Tsu29_6	77
Tsu30_6	101
Tsu31_6	90
Tsu32_6	96
Tsu33_6	71
Tsu24_8	106
Tsu33_8	136
Tsu34_8	120
Tsu35_8	120
Tsu36_8	88
Tsu37_8	120
Tsu38_8	124
Tsu25_8	133
Tsu26_8	137
Tsu27_8	128
Tsu28_8	149
Tsu29_8	135
Tsu30_8	129
Tsu31_8	139
Tsu32_8	111
Tsu24_9	99
Tsu33_9	125
Tsu34_9	102
Tsu35_9	104
Tsu36_9	89
Tsu37_9	90
Tsu38_9	88
Tsu25_9	85
Tsu26_9	89
Tsu27_9	83
Tsu28_9	98
Tsu29_9	86
Tsu30_9	91
Tsu31_9	100
Tsu32_9	102
Tsu104_Novel	132
Tsu105_Novel	132
Tsu106_Novel	162
Tsu107_Novel	75
Tsu100_Novel	88
Tsu101_Novel	99
Tsu102_Novel	90
Tsu103_Novel	122
Tsu3_1	62
Tsu6_11	73
Tsu7_15	89
Tsu8_15	77
Tsu27_22	142
Tsu28_22	95
Tsu29_22	90
Tsu30_22	97
Tsu31_22	96
Tsu42_6	82
Tsu51_6	79
Tsu52_6	78
Tsu53_6	77
Tsu43_6	78
Tsu44_6	90
Tsu45_6	81
Tsu46_6	101
Tsu47_6	100
Tsu48_6	80
Tsu49_6	82
Tsu50_6	70
Tsu39_8	111
Tsu48_8	106
Tsu49_8	129
Tsu50_8	124
Tsu51_8	139
Tsu52_8	105
Tsu53_8	125
Tsu40_8	112
Tsu41_8	88
Tsu42_8	128
Tsu43_8	120
Tsu44_8	96
Tsu45_8	105
Tsu46_8	137
Tsu47_8	136
Tsu39_9	88
Tsu40_9	104
Tsu41_9	102
Tsu42_9	98
Tsu43_9	99
Tsu44_9	102
Tsu45_9	89
Tsu46_9	90
Tsu47_9	77
Tsu114_33	132
Tsu116_Novel	132
Tsu113_Novel	107
Tsu115_Novel	162
Tsu117_Novel	54
Tsu109_Novel	80
Tsu110_Novel	90
Tsu108_Novel	90
Tsu111_Novel	127
Tsu112_Novel	141
Tsu4_1	62
Tsu7_11	72
Tsu8_11	73
Tsu1_13	86
Tsu9_15	77
Tsu10_15	90
Tsu11_15	88
Tsu12_15	90
Tsu13_15	90
Tsu32_22	102
Tsu33_22	97
Ts34_22	95
Tsu54_6	96
Tsu63_6	90
Tsu64_6	78
Tsu55_6	79
Tsu56_6	71
Tsu57_6	83
Tsu58_6	81
Tsu59_6	74
Tsu60_6	78
Tsu61_6	71
Tsu62_6	81
Tsu54_8	139
Tsu63_8	136
Tsu64_8	138
Tsu65_8	152
Tsu66_8	120
Tsu67_8	88
Tsu55_8	101
Tsu56_8	124
Tsu57_8	112
Tsu58_8	111
Tsu59_8	105
Tsu60_8	139
Tsu61_8	137
Tsu62_8	137
Tsu48_9	78
Tsu57_9	77
Tsu58_9	102
Tsu59_9	98
Tsu60_9	104
Tsu49_9	89
Tsu50_9	80
Tsu51_9	77
Tsu52_9	80
Tsu53_9	77
Tsu54_9	125
Tsu55_9	73
Tsu56_9	92
Ttr239_Novel	88
Ttr240_Novel	133
Ttr241_Novel	126
Ttr1_11	74
Ttr1_12	85
Ttr1_15	82
Ttr1_22	111
Ttr2_22	91
Ttr3_22	102
Ttr4_22	97
Ttr5_22	97
Ttr6_22	101
Ttr1_6	90
Ttr2_6	96
Ttr3_6	94
Ttr4_6	97
Ttr5_6	101
Ttr6_6	81
Ttr7_6	80
Ttr1_8	114
Ttr2_8	113
Ttr3_8	132
Ttr4_8	129
Ttr5_8	109
Ttr6_8	143
Ttr7_8	124
Ttr8_8	101
Ttr9_8	126
Ttr1_9	95
Ttr2_9	87
Ttr3_9	86
Ttr4_9	91
Ttr5_9	83
Ttr6_9	119
Ttr7_9	85
Ttr8_9	88
